,Book_Name,Book_Link,price,stock,rating
0,A Light in the ...,catalogue/a-light-in-the-attic_1000/index.html,£51.77,In stock,3
1,Tipping the Velvet,catalogue/tipping-the-velvet_999/index.html,£53.74,In stock,1
2,Soumission,catalogue/soumission_998/index.html,£50.10,In stock,1
3,Sharp Objects,catalogue/sharp-objects_997/index.html,£47.82,In stock,4
4,Sapiens: A Brief History ...,catalogue/sapiens-a-brief-history-of-humankind_996/index.html,£54.23,In stock,5
5,The Requiem Red,catalogue/the-requiem-red_995/index.html,£22.65,In stock,1
6,The Dirty Little Secrets ...,catalogue/the-dirty-little-secrets-of-getting-your-dream-job_994/index.html,£33.34,In stock,4
7,The Coming Woman: A ...,catalogue/the-coming-woman-a-novel-based-on-the-life-of-the-infamous-feminist-victoria-woodhull_993/index.html,£17.93,In stock,3
8,The Boys in the ...,catalogue/the-boys-in-the-boat-nine-americans-and-their-epic-quest-for-gold-at-the-1936-berlin-olympics_992/index.html,£22.60,In stock,4
9,The Black Maria,catalogue/the-black-maria_991/index.html,£52.15,In stock,1
10,Starving Hearts (Triangular Trade ...,catalogue/starving-hearts-triangular-trade-trilogy-1_990/index.html,£13.99,In stock,2
11,Shakespeare's Sonnets,catalogue/shakespeares-sonnets_989/index.html,£20.66,In stock,4
12,Set Me Free,catalogue/set-me-free_988/index.html,£17.46,In stock,5
13,Scott Pilgrim's Precious Little ...,catalogue/scott-pilgrims-precious-little-life-scott-pilgrim-1_987/index.html,£52.29,In stock,5
14,Rip it Up and ...,catalogue/rip-it-up-and-start-again_986/index.html,£35.02,In stock,5
15,Our Band Could Be ...,catalogue/our-band-could-be-your-life-scenes-from-the-american-indie-underground-1981-1991_985/index.html,£57.25,In stock,3
16,Olio,catalogue/olio_984/index.html,£23.88,In stock,1
17,Mesaerion: The Best Science ...,catalogue/mesaerion-the-best-science-fiction-stories-1800-1849_983/index.html,£37.59,In stock,1
18,Libertarianism for Beginners,catalogue/libertarianism-for-beginners_982/index.html,£51.33,In stock,2
19,It's Only the Himalayas,catalogue/its-only-the-himalayas_981/index.html,£45.17,In stock,2
